# key	file (under the source root)	start_s	dur_s	fade_s	channels	root_midi (measured; - for unpitched)	source
pno_C2	piano/piano_sustain_mf_C2.wav	0.002	3.6	0.9	2	36.0	vcsl
pno_D#2	piano/piano_sustain_mf_Ds2.wav	0.001	3.6	0.9	2	38.96	vcsl
pno_F#2	piano/piano_sustain_mf_Fs2.wav	0.001	3.6	0.9	2	42.08	vcsl
pno_A2	piano/piano_sustain_mf_A2.wav	0.001	3.6	0.9	2	44.99	vcsl
pno_C3	piano/piano_sustain_mf_C3.wav	0.001	3.6	0.9	2	48.02	vcsl
pno_E3	piano/piano_sustain_mf_E3.wav	0.002	3.6	0.9	2	51.96	vcsl
pno_G#3	piano/piano_sustain_mf_Gs3.wav	0.001	3.6	0.9	2	56.02	vcsl
pno_C4	piano/piano_sustain_mf_C4.wav	0.001	3.0	0.9	2	60.02	vcsl
pno_E4	piano/piano_sustain_mf_E4.wav	0.001	3.0	0.9	2	64.0	vcsl
pno_G#4	piano/piano_sustain_mf_Gs4.wav	0.001	3.0	0.9	2	68.08	vcsl
pno_C5	piano/piano_sustain_mf_C5.wav	0.001	2.6	0.9	2	71.98	vcsl
pno_E5	piano/piano_sustain_mf_E5.wav	0.001	2.6	0.9	2	76.01	vcsl
pno_G#5	piano/piano_sustain_mf_Gs5.wav	0.002	2.6	0.9	2	80.01	vcsl
pno_C6	piano/piano_sustain_mf_C6.wav	0.002	2.6	0.9	2	84.0	vcsl
glk_G5	glockenspiel/glockenspiel_hit_mf_G5.wav	0.0	2.4	0.8	1	79.08	vcsl
glk_C6	glockenspiel/glockenspiel_hit_mf_C6.wav	0.0	2.4	0.8	1	84.12	vcsl
glk_G6	glockenspiel/glockenspiel_hit_mf_G6.wav	0.007	2.4	0.8	1	91.12	vcsl
glk_C7	glockenspiel/glockenspiel_hit_mf_C7.wav	0.0	2.4	0.8	1	96.15	vcsl
glk_G7	glockenspiel/glockenspiel_hit_mf_G7.wav	0.0	2.4	0.8	1	103.16	vcsl
vib_B4	vibraphone/vibraphone_soft_mallet_B4.wav	0.001	2.6	0.9	1	71.0	vcsl
vib_D5	vibraphone/vibraphone_soft_mallet_D5.wav	0.004	2.6	0.9	1	74.0	vcsl
vib_F5	vibraphone/vibraphone_soft_mallet_F5.wav	0.001	2.6	0.9	1	77.0	vcsl
vib_A5	vibraphone/vibraphone_soft_mallet_A5.wav	0.001	2.6	0.9	1	81.0	vcsl
vib_C6	vibraphone/vibraphone_soft_mallet_C6.wav	0.006	2.6	0.9	1	84.0	vcsl
vib_E6	vibraphone/vibraphone_soft_mallet_E6.wav	0.002	2.6	0.9	1	88.0	vcsl
cbp_G1	contrabass/contrabass_pizz_G1.wav	0.0	1.6	0.5	1	30.99	vsco2ce
cbp_A#1	contrabass/contrabass_pizz_As1.wav	0.001	1.6	0.5	1	34.05	vsco2ce
cbp_C2	contrabass/contrabass_pizz_C2.wav	0.0	1.6	0.5	1	36.09	vsco2ce
cbp_D2	contrabass/contrabass_pizz_D2.wav	0.0	1.6	0.5	1	38.02	vsco2ce
cbp_E2	contrabass/contrabass_pizz_E2.wav	0.0	1.6	0.5	1	39.96	vsco2ce
cbp_F#2	contrabass/contrabass_pizz_Fs2.wav	0.0	1.6	0.5	1	42.29	vsco2ce
cbp_A2	contrabass/contrabass_pizz_A2.wav	0.0	1.6	0.5	1	45.15	vsco2ce
vcp_B2	cellos/cellos_pizz_B2.wav	0.0	1.6	0.5	1	46.88	vsco2ce
vcp_D3	cellos/cellos_pizz_D3.wav	0.001	1.6	0.5	1	50.03	vsco2ce
vcp_F3	cellos/cellos_pizz_F3.wav	0.004	1.6	0.5	1	53.03	vsco2ce
vcp_A3	cellos/cellos_pizz_A3.wav	0.0	1.6	0.5	1	57.06	vsco2ce
vcp_C4	cellos/cellos_pizz_C4.wav	0.0	1.6	0.5	1	60.02	vsco2ce
vnp_A3	violins/violins_pizz_mp_A3.wav	0.0	0.9	0.3	1	57.03	vsco2ce
vnp_D4	violins/violins_pizz_mp_D4.wav	0.001	0.9	0.3	1	62.04	vsco2ce
vnp_F#4	violins/violins_pizz_mp_Fs4.wav	0.0	0.9	0.3	1	65.96	vsco2ce
vnp_A4	violins/violins_pizz_mp_A4.wav	0.0	0.9	0.3	1	69.0	vsco2ce
vnp_C5	violins/violins_pizz_mp_C5.wav	0.0	0.9	0.3	1	72.07	vsco2ce
vnp_E5	violins/violins_pizz_mp_E5.wav	0.001	0.9	0.3	1	76.0	vsco2ce
vnp_G5	violins/violins_pizz_mp_G5.wav	0.002	0.9	0.3	1	78.98	vsco2ce
vnp_B5	violins/violins_pizz_mp_B5.wav	0.0	0.9	0.3	1	82.96	vsco2ce
vn_A3	violins/violins_sustain_vib_A3.wav	0.029	3.2	0.6	1	56.97	vsco2ce
vn_D4	violins/violins_sustain_vib_D4.wav	0.019	3.2	0.6	1	62.01	vsco2ce
vn_F#4	violins/violins_sustain_vib_Fs4.wav	0.017	3.2	0.6	1	66.01	vsco2ce
vn_A4	violins/violins_sustain_vib_A4.wav	0.109	3.2	0.6	1	68.99	vsco2ce
vn_C5	violins/violins_sustain_vib_C5.wav	0.01	3.2	0.6	1	72.02	vsco2ce
vn_E5	violins/violins_sustain_vib_E5.wav	0.006	3.2	0.6	1	76.0	vsco2ce
vn_G5	violins/violins_sustain_vib_G5.wav	0.053	3.2	0.6	1	79.0	vsco2ce
vn_B5	violins/violins_sustain_vib_B5.wav	0.016	3.2	0.6	1	83.01	vsco2ce
vn_D6	violins/violins_sustain_vib_D6.wav	0.014	3.2	0.6	1	86.02	vsco2ce
vn_E6	violins/violins_sustain_vib_E6.wav	0.015	3.2	0.6	1	88.06	vsco2ce
vn_G6	violins/violins_sustain_vib_G6.wav	0.001	3.2	0.6	1	90.89	vsco2ce
vn_A6	violins/violins_sustain_vib_A6.wav	0.003	3.2	0.6	1	92.89	vsco2ce
vc_C2	cellos/cellos_sustain_vib_C2.wav	0.075	3.2	0.6	1	36.0	vsco2ce
vc_E2	cellos/cellos_sustain_vib_E2.wav	0.022	3.2	0.6	1	39.98	vsco2ce
vc_G2	cellos/cellos_sustain_vib_G2.wav	0.013	3.2	0.6	1	42.98	vsco2ce
vc_B2	cellos/cellos_sustain_vib_B2.wav	0.051	3.2	0.6	1	47.01	vsco2ce
vc_D3	cellos/cellos_sustain_vib_D3.wav	0.025	3.2	0.6	1	50.03	vsco2ce
vc_F3	cellos/cellos_sustain_vib_F3.wav	0.003	3.2	0.6	1	53.01	vsco2ce
vc_A3	cellos/cellos_sustain_vib_A3.wav	0.017	3.2	0.6	1	56.99	vsco2ce
vc_C4	cellos/cellos_sustain_vib_C4.wav	0.023	3.2	0.6	1	59.99	vsco2ce
vc_E4	cellos/cellos_sustain_vib_E4.wav	0.01	3.2	0.6	1	63.97	vsco2ce
cl_D4	clarinet/clarinet_sustain_D4.wav	0.002	2.6	0.5	1	62.02	vsco2ce
cl_F4	clarinet/clarinet_sustain_F4.wav	0.001	2.6	0.5	1	65.05	vsco2ce
cl_A#4	clarinet/clarinet_sustain_As4.wav	0.002	2.6	0.5	1	70.02	vsco2ce
cl_D5	clarinet/clarinet_sustain_D5.wav	0.011	2.6	0.5	1	74.02	vsco2ce
cl_F5	clarinet/clarinet_sustain_F5.wav	0.002	2.6	0.5	1	77.04	vsco2ce
cl_A#5	clarinet/clarinet_sustain_As5.wav	0.002	2.6	0.5	1	82.03	vsco2ce
cl_D6	clarinet/clarinet_sustain_D6.wav	0.027	2.6	0.5	1	86.06	vsco2ce
cls_D4	clarinet/clarinet_staccato_D4.wav	0.001	0.6	0.15	1	61.74	vsco2ce
cls_F4	clarinet/clarinet_staccato_F4.wav	0.0	0.6	0.15	1	64.77	vsco2ce
cls_A#4	clarinet/clarinet_staccato_As4.wav	0.0	0.6	0.15	1	69.95	vsco2ce
hp_A2	harp/harp_pluck_mf_A2.wav	0.002	2.5	0.8	1	44.96	vsco2ce
hp_E3	harp/harp_pluck_mf_E3.wav	0.046	2.5	0.8	1	51.96	vsco2ce
hp_B3	harp/harp_pluck_mf_B3.wav	0.031	2.5	0.8	1	58.87	vsco2ce
hp_D4	harp/harp_pluck_mf_D4.wav	0.019	2.5	0.8	1	61.88	vsco2ce
hp_F4	harp/harp_pluck_mf_F4.wav	0.01	2.5	0.8	1	64.99	vsco2ce
hp_A4	harp/harp_pluck_mf_A4.wav	0.021	2.5	0.8	1	68.9	vsco2ce
hp_C5	harp/harp_pluck_mf_C5.wav	0.025	2.5	0.8	1	71.89	vsco2ce
hp_E5	harp/harp_pluck_mf_E5.wav	0.024	2.5	0.8	1	75.89	vsco2ce
hp_G5	harp/harp_pluck_mf_G5.wav	0.019	2.5	0.8	1	78.94	vsco2ce
hp_B5	harp/harp_pluck_mf_B5.wav	0.02	2.5	0.8	1	82.92	vsco2ce
hp_D6	harp/harp_pluck_mf_D6.wav	0.013	2.5	0.8	1	85.93	vsco2ce
hp_A6	harp/harp_pluck_mf_A6.wav	0.03	2.5	0.8	1	92.83	vsco2ce
tmp_F#2	timpani/timpani_hit_Fs2.wav	0.009	3.0	1.0	1	41.95	vcsl
tmp_A2	timpani/timpani_hit_A2.wav	0.0	3.0	1.0	1	45.37	vcsl
tmp_C3	timpani/timpani_hit_C3.wav	0.0	3.0	1.0	1	48.07	vcsl
tmp_D3	timpani/timpani_hit_D3.wav	0.002	3.0	1.0	1	50.03	vcsl
tmproll	timpani/timpani_roll_Fs2.wav	0.001	5.0	0.4	1	41.81	vsco2ce
bd_pp	bass_drum/bass_drum_hit_pp.wav	0.059	2.0	0.8	1	-	vcsl
bd_mf	bass_drum/bass_drum_hit_mf.wav	0.053	2.2	0.8	1	-	vcsl
sn_p	snare/snare_hit_p.wav	0.004	1.0	0.3	1	-	vcsl
snroll	snare/snare_roll.wav	0.009	3.5	0.3	1	-	vcsl
shk_hit	shaker/shaker_hit.wav	0.0	1.0	0.3	1	-	vcsl
shk_down	shaker/shaker_shake_down.wav	0.01	1.2	0.3	1	-	vcsl
tri	triangle/triangle_hit.wav	0.009	3.0	1.0	1	-	vcsl
cymsw	suspended_cymbal/suspended_cymbal_swell_4s.wav	0.768	5.6	0.6	1	-	vcsl
cymh	suspended_cymbal/suspended_cymbal_hit_soft_mallet.wav	0.0	3.5	1.2	1	-	vcsl
slg	sleigh_bells/sleigh_bells_shake.wav	0.0	2.4	0.6	1	-	vcsl
bell1	bicycle_bell/bicycle_bell_ring_1.wav	0.108	2.4	0.6	1	-	bigsoundbank
bell2	bicycle_bell/bicycle_bell_ring_2.wav	0.175	2.4	0.6	1	-	bigsoundbank
whistle	steam_whistle/steam_whistle_whistle.wav	0.1	2.9	0.5	1	-	bigsoundbank
